state,description,creation_timestamp_ms,update_timestamp_ms,start_timestamp_ms,task_type,destination_uris,attempt,batch_eecu_usage_seconds,id,name
COMPLETED,P:NDVI-MAX I:Sentinel_NDVI-MAX_SR_CloudFree_crop20230509-20230603_run20230605,1685975765610,1685975785239,1685975775410,EXPORT_IMAGE,['https://drive.google.com/'],1,3.6441218852996826,S2HM4WWFODGJJL3NXTGVX6NQ,projects/earthengine-legacy/operations/S2HM4WWFODGJJL3NXTGVX6NQ
COMPLETED,P:NDVI-MAX I:Sentinel_NDVI-MAX_SR_CloudFree_crop20230509-20230603_run20230605,1685975767188,1685975785836,1685975775423,EXPORT_IMAGE,['https://drive.google.com/'],1,5.614010334014893,M6ZXOQMAG4VRII6PIVJKDLSM,projects/earthengine-legacy/operations/M6ZXOQMAG4VRII6PIVJKDLSM
COMPLETED,P:NDVI-MAX I:Sentinel_NDVI-MAX_SR_CloudFree_crop20230509-20230603_run20230605,1685975768939,1685975787082,1685975775431,EXPORT_IMAGE,['https://drive.google.com/'],1,11.81588363647461,Z2EXDTQAQOQJISURXWLD5LB6,projects/earthengine-legacy/operations/Z2EXDTQAQOQJISURXWLD5LB6
COMPLETED,P:NDVI-MAX I:Sentinel_NDVI-MAX_SR_CloudFree_crop20230509-20230603_run20230605,1685975770705,1685975801990,1685975779953,EXPORT_IMAGE,['https://drive.google.com/'],1,16.58692741394043,6G2HHX6MGEB3PNL4SOTHC6RA,projects/earthengine-legacy/operations/6G2HHX6MGEB3PNL4SOTHC6RA
COMPLETED,P:NDVI-MAX I:Sentinel_NDVI-MAX_SR_CloudFree_crop20230509-20230603_run20230605,1685976936420,1685976952754,1685976942127,EXPORT_IMAGE,['https://drive.google.com/'],1,3.870696783065796,TO4XPDU2S4CHO47IUA74A22B,projects/earthengine-legacy/operations/TO4XPDU2S4CHO47IUA74A22B
COMPLETED,P:NDVI-MAX I:Sentinel_NDVI-MAX_SR_CloudFree_crop20230509-20230603_run20230605,1685976937000,1685976952162,1685976942143,EXPORT_IMAGE,['https://drive.google.com/'],1,5.109593391418457,QTNNA62J2XAD2IAFDDEWMDWG,projects/earthengine-legacy/operations/QTNNA62J2XAD2IAFDDEWMDWG
COMPLETED,P:NDVI-MAX I:Sentinel_NDVI-MAX_SR_CloudFree_crop20230509-20230603_run20230605,1685976937630,1685976954058,1685976942139,EXPORT_IMAGE,['https://drive.google.com/'],1,5.866071701049805,WBHJEOMQA2YLYGB2IRCWO66D,projects/earthengine-legacy/operations/WBHJEOMQA2YLYGB2IRCWO66D
COMPLETED,P:NDVI-MAX I:Sentinel_NDVI-MAX_SR_CloudFree_crop20230509-20230603_run20230605,1685976938234,1685976963338,1685976947290,EXPORT_IMAGE,['https://drive.google.com/'],1,8.654363632202148,EBOIOCYH7WBH7XEIBWBMMF6J,projects/earthengine-legacy/operations/EBOIOCYH7WBH7XEIBWBMMF6J
COMPLETED,P:NDVI-MAX I:Sentinel_NDVI-MAX_SR_CloudFree_crop20230507-20230605_run20230606,1686015826787,1686016500135,1686015848236,EXPORT_IMAGE,['https://drive.google.com/'],1,6841.8916015625,C3FSMNJGBN54JILTQUD4PDET,projects/earthengine-legacy/operations/C3FSMNJGBN54JILTQUD4PDET
COMPLETED,P:NDVI-MAX I:Sentinel_NDVI-MAX_SR_CloudFree_crop20230507-20230605_run20230606,1686015827623,1686016449398,1686015837125,EXPORT_IMAGE,['https://drive.google.com/'],1,5578.20556640625,7R67AA755WT44IRNBXAUX67Y,projects/earthengine-legacy/operations/7R67AA755WT44IRNBXAUX67Y
COMPLETED,P:NDVI-MAX I:Sentinel_NDVI-MAX_SR_CloudFree_crop20230507-20230605_run20230606,1686015828316,1686016422263,1686015837124,EXPORT_IMAGE,['https://drive.google.com/'],1,6541.2109375,2PYT6CSXV3J3ULR3NKBCNNTG,projects/earthengine-legacy/operations/2PYT6CSXV3J3ULR3NKBCNNTG
COMPLETED,P:NDVI-MAX I:Sentinel_NDVI-MAX_SR_CloudFree_crop20230507-20230605_run20230606,1686015828962,1686016569872,1686015837119,EXPORT_IMAGE,['https://drive.google.com/'],1,5244.11669921875,WOF3LFF5OUMGKTTSUQS5YJLX,projects/earthengine-legacy/operations/WOF3LFF5OUMGKTTSUQS5YJLX
COMPLETED,P:NDVI-MAX I:Sentinel_NDVI-MAX_SR_CloudFree_crop20230508-20230606_run20230607,1686102302425,1686103069594,1686102308371,EXPORT_IMAGE,['https://drive.google.com/'],1,7585.47998046875,7W47T3G5WYO5AP6CHAKFPOUJ,projects/earthengine-legacy/operations/7W47T3G5WYO5AP6CHAKFPOUJ
COMPLETED,P:NDVI-MAX I:Sentinel_NDVI-MAX_SR_CloudFree_crop20230508-20230606_run20230607,1686102303275,1686103029833,1686102308386,EXPORT_IMAGE,['https://drive.google.com/'],1,5905.56494140625,LAQSF7R3FTCMU6CQXRAKJHTY,projects/earthengine-legacy/operations/LAQSF7R3FTCMU6CQXRAKJHTY
COMPLETED,P:NDVI-MAX I:Sentinel_NDVI-MAX_SR_CloudFree_crop20230508-20230606_run20230607,1686102304047,1686102911587,1686102314180,EXPORT_IMAGE,['https://drive.google.com/'],1,6454.30712890625,6UBTZO7WZ4SJEANXGTN2GGRY,projects/earthengine-legacy/operations/6UBTZO7WZ4SJEANXGTN2GGRY
COMPLETED,P:NDVI-MAX I:Sentinel_NDVI-MAX_SR_CloudFree_crop20230508-20230606_run20230607,1686102304760,1686103220660,1686102314190,EXPORT_IMAGE,['https://drive.google.com/'],1,5536.18603515625,D7N42LS5Q6OLYCKL3Q5EL3MV,projects/earthengine-legacy/operations/D7N42LS5Q6OLYCKL3Q5EL3MV
COMPLETED,P:NDVI-MAX I:Sentinel_NDVI-MAX_SR_CloudFree_crop20230511-20230608_run20230609,1686277205076,1686277889302,1686277214919,EXPORT_IMAGE,['https://drive.google.com/'],1,5307.662109375,4Z2PFPKTUN57CFFJV2C7UNCJ,projects/earthengine-legacy/operations/4Z2PFPKTUN57CFFJV2C7UNCJ
COMPLETED,P:NDVI-MAX I:Sentinel_NDVI-MAX_SR_CloudFree_crop20230511-20230608_run20230609,1686277205866,1686277837742,1686277214948,EXPORT_IMAGE,['https://drive.google.com/'],1,6118.37060546875,LEEOBD3AJRI5PADF4NUW5XLI,projects/earthengine-legacy/operations/LEEOBD3AJRI5PADF4NUW5XLI
COMPLETED,P:NDVI-MAX I:Sentinel_NDVI-MAX_SR_CloudFree_crop20230511-20230608_run20230609,1686277206603,1686277907993,1686277214945,EXPORT_IMAGE,['https://drive.google.com/'],1,8569.0400390625,4YMU5E3ZJXVHY3UGQJJFFRUC,projects/earthengine-legacy/operations/4YMU5E3ZJXVHY3UGQJJFFRUC
COMPLETED,P:NDVI-MAX I:Sentinel_NDVI-MAX_SR_CloudFree_crop20230511-20230608_run20230609,1686277207243,1686277778201,1686277214948,EXPORT_IMAGE,['https://drive.google.com/'],1,5922.9658203125,ZWPTJDGVPKQMPMNMO623MKED,projects/earthengine-legacy/operations/ZWPTJDGVPKQMPMNMO623MKED
COMPLETED,P:NDVI-MAX I:Sentinel_NDVI-MAX_SR_CloudFree_crop20230512-20230610_run20230611,1686450465746,1686451051716,1686450473892,EXPORT_IMAGE,['https://drive.google.com/'],1,5832.02978515625,2NRSWYC3TUJPEE5UEPNYKHAA,projects/earthengine-legacy/operations/2NRSWYC3TUJPEE5UEPNYKHAA
COMPLETED,P:NDVI-MAX I:Sentinel_NDVI-MAX_SR_CloudFree_crop20230512-20230610_run20230611,1686450466527,1686451017458,1686450473916,EXPORT_IMAGE,['https://drive.google.com/'],1,5729.82177734375,PY47KRDZGUB45BO3PMU52PXQ,projects/earthengine-legacy/operations/PY47KRDZGUB45BO3PMU52PXQ
COMPLETED,P:NDVI-MAX I:Sentinel_NDVI-MAX_SR_CloudFree_crop20230512-20230610_run20230611,1686450467361,1686451056699,1686450473920,EXPORT_IMAGE,['https://drive.google.com/'],1,6445.9013671875,W5RVGRSRLEURYIBBOHLFJ543,projects/earthengine-legacy/operations/W5RVGRSRLEURYIBBOHLFJ543
COMPLETED,P:NDVI-MAX I:Sentinel_NDVI-MAX_SR_CloudFree_crop20230512-20230610_run20230611,1686450468125,1686451005116,1686450473920,EXPORT_IMAGE,['https://drive.google.com/'],1,5089.306640625,TM5MFALX3WMPDQQ3NNH4DDWV,projects/earthengine-legacy/operations/TM5MFALX3WMPDQQ3NNH4DDWV
COMPLETED,P:NDVI-MAX I:Sentinel_NDVI-MAX_SR_CloudFree_crop20230513-20230611_run20230612,1686536301385,1686536831602,1686536313836,EXPORT_IMAGE,['https://drive.google.com/'],1,5103.7177734375,777Q7NRZJZLOUM7FXH4JRVZA,projects/earthengine-legacy/operations/777Q7NRZJZLOUM7FXH4JRVZA
COMPLETED,P:NDVI-MAX I:Sentinel_NDVI-MAX_SR_CloudFree_crop20230603-20230628_run20230629,1688051532083,1688051565526,1688051558459,EXPORT_IMAGE,['https://drive.google.com/'],1,0.26632609963417053,GOES66KUPPSD2XHZWNNJJQTA,projects/earthengine-legacy/operations/GOES66KUPPSD2XHZWNNJJQTA
COMPLETED,P:NDVI-MAX I:Sentinel_NDVI-MAX_SR_CloudFree_crop20230603-20230628_run20230629,1688051532083,1688051565526,1688051558459,EXPORT_IMAGE,['https://drive.google.com/'],1,0.26632609963417053,GOES66KUPPSD2XHZWNNJJQTA,projects/earthengine-legacy/operations/GOES66KUPPSD2XHZWNNJJQTA
COMPLETED,P:NDVI-MAX I:Sentinel_NDVI-MAX_SR_CloudFree_crop20230603-20230628_run20230629,1688051532083,1688051565526,1688051558459,EXPORT_IMAGE,['https://drive.google.com/'],1,0.26632609963417053,GOES66KUPPSD2XHZWNNJJQTA,projects/earthengine-legacy/operations/GOES66KUPPSD2XHZWNNJJQTA
COMPLETED,P:NDVI-MAX I:Sentinel_NDVI-MAX_SR_CloudFree_crop20230603-20230628_run20230629,1688051532083,1688051565526,1688051558459,EXPORT_IMAGE,['https://drive.google.com/'],1,0.26632609963417053,GOES66KUPPSD2XHZWNNJJQTA,projects/earthengine-legacy/operations/GOES66KUPPSD2XHZWNNJJQTA
COMPLETED,P:NDVI-MAX I:Sentinel_NDVI-MAX_SR_CloudFree_crop20230603-20230628_run20230629,1688051532083,1688051565526,1688051558459,EXPORT_IMAGE,['https://drive.google.com/'],1,0.26632609963417053,GOES66KUPPSD2XHZWNNJJQTA,projects/earthengine-legacy/operations/GOES66KUPPSD2XHZWNNJJQTA
COMPLETED,P:NDVI-MAX I:Sentinel_NDVI-MAX_SR_CloudFree_crop20230603-20230628_run20230629,1688051532083,1688051565526,1688051558459,EXPORT_IMAGE,['https://drive.google.com/'],1,0.26632609963417053,GOES66KUPPSD2XHZWNNJJQTA,projects/earthengine-legacy/operations/GOES66KUPPSD2XHZWNNJJQTA
COMPLETED,P:NDVI-MAX I:Sentinel_NDVI-MAX_SR_CloudFree_crop20230603-20230628_run20230629,1688051532083,1688051565526,1688051558459,EXPORT_IMAGE,['https://drive.google.com/'],1,0.26632609963417053,GOES66KUPPSD2XHZWNNJJQTA,projects/earthengine-legacy/operations/GOES66KUPPSD2XHZWNNJJQTA
COMPLETED,P:NDVI-MAX I:Sentinel_NDVI-MAX_SR_CloudFree_crop20230603-20230628_run20230629,1688051532083,1688051565526,1688051558459,EXPORT_IMAGE,['https://drive.google.com/'],1,0.26632609963417053,GOES66KUPPSD2XHZWNNJJQTA,projects/earthengine-legacy/operations/GOES66KUPPSD2XHZWNNJJQTA
COMPLETED,P:NDVI-MAX I:Sentinel_NDVI-MAX_SR_CloudFree_crop20230603-20230628_run20230701,1688209669138,1688209699113,1688209681287,EXPORT_IMAGE,['https://drive.google.com/'],1,0.3463153541088104,ZA2MIJ27UXZNQUOO235LR2VX,projects/earthengine-legacy/operations/ZA2MIJ27UXZNQUOO235LR2VX
COMPLETED,P:NDVI-MAX I:Sentinel_NDVI-MAX_SR_CloudFree_crop20230603-20230628_run20230701,1688209668377,1688209689886,1688209681096,EXPORT_IMAGE,['https://drive.google.com/'],1,0.5623131394386292,QGC2HKHRNHCEBBJM2PYOHJIX,projects/earthengine-legacy/operations/QGC2HKHRNHCEBBJM2PYOHJIX
COMPLETED,P:NDVI-MAX I:Sentinel_NDVI-MAX_SR_CloudFree_crop20230603-20230628_run20230701,1688209669842,1688209689008,1688209681292,EXPORT_IMAGE,['https://drive.google.com/'],1,0.40165263414382935,MMSAM6ENSCTWK6JG4B4PC5XG,projects/earthengine-legacy/operations/MMSAM6ENSCTWK6JG4B4PC5XG
COMPLETED,P:NDVI-MAX I:Sentinel_NDVI-MAX_SR_CloudFree_crop20230603-20230628_run20230701,1688209670644,1688209688415,1688209681293,EXPORT_IMAGE,['https://drive.google.com/'],1,0.36285871267318726,GL4GSQXKNTKFLPCBKFZDIDH4,projects/earthengine-legacy/operations/GL4GSQXKNTKFLPCBKFZDIDH4
COMPLETED,P:NDVI-MAX I:Sentinel_NDVI-MAX_SR_CloudFree_crop20230603-20230628_run20230703,1688365921982,1688365970819,1688365937946,EXPORT_IMAGE,['https://drive.google.com/'],1,3.7758779525756836,U5RCOTJ7YG2OWUJIXEQP6TB4,projects/earthengine-legacy/operations/U5RCOTJ7YG2OWUJIXEQP6TB4
COMPLETED,P:NDVI-MAX I:Sentinel_NDVI-MAX_SR_CloudFree_crop20230603-20230628_run20230703,1688365923386,1688365965465,1688365937949,EXPORT_IMAGE,['https://drive.google.com/'],1,2.215833902359009,OQUXD54OLSW4P6NL2YTYGYAV,projects/earthengine-legacy/operations/OQUXD54OLSW4P6NL2YTYGYAV
COMPLETED,P:NDVI-MAX I:Sentinel_NDVI-MAX_SR_CloudFree_crop20230603-20230628_run20230703,1688365922561,1688365962694,1688365948184,EXPORT_IMAGE,['https://drive.google.com/'],1,2.3407371044158936,CSO5YFFMBE5MGIUNJDCQ5YWY,projects/earthengine-legacy/operations/CSO5YFFMBE5MGIUNJDCQ5YWY
COMPLETED,P:NDVI-MAX I:Sentinel_NDVI-MAX_SR_CloudFree_crop20230603-20230628_run20230703,1688365921232,1688365945047,1688365937775,EXPORT_IMAGE,['https://drive.google.com/'],1,1.3142902851104736,UPLENC4WB6RQWZJDOITM4RNG,projects/earthengine-legacy/operations/UPLENC4WB6RQWZJDOITM4RNG
COMPLETED,P:NDVI-MAX I:Sentinel_NDVI-MAX_SR_CloudFree_crop20230608-20230703_run20230704,1688437723143,1688437759086,1688437751669,EXPORT_IMAGE,['https://drive.google.com/'],1,0.2816491723060608,47BXJHXTMU55RYKXQ7ICCQQP,projects/earthengine-legacy/operations/47BXJHXTMU55RYKXQ7ICCQQP
COMPLETED,P:NDVI-MAX I:Sentinel_NDVI-MAX_SR_CloudFree_crop20230608-20230703_run20230704,1688437723951,1688437751273,1688437739892,EXPORT_IMAGE,['https://drive.google.com/'],1,5.475113391876221,BAYCZWSTUCFW4LY347UDR262,projects/earthengine-legacy/operations/BAYCZWSTUCFW4LY347UDR262
COMPLETED,P:NDVI-MAX I:Sentinel_NDVI-MAX_SR_CloudFree_crop20230608-20230703_run20230704,1688437725436,1688437749165,1688437739896,EXPORT_IMAGE,['https://drive.google.com/'],1,0.49912789463996887,7CB3XHU7WBLXW6JZSL2BYARM,projects/earthengine-legacy/operations/7CB3XHU7WBLXW6JZSL2BYARM
COMPLETED,P:NDVI-MAX I:Sentinel_NDVI-MAX_SR_CloudFree_crop20230608-20230703_run20230704,1688437724656,1688437748260,1688437739892,EXPORT_IMAGE,['https://drive.google.com/'],1,0.5502921938896179,Z62JQHVNB5O3NXQLG7ZCBJR2,projects/earthengine-legacy/operations/Z62JQHVNB5O3NXQLG7ZCBJR2
COMPLETED,P:NDVI-MAX I:Sentinel_NDVI-MAX_SR_CloudFree_crop20230608-20230703_run20230704,1688454155844,1688454195938,1688454165025,EXPORT_IMAGE,['https://drive.google.com/'],1,0.798016369342804,7P3NDNIYIXFS7IURYZIOPADI,projects/earthengine-legacy/operations/7P3NDNIYIXFS7IURYZIOPADI
COMPLETED,P:NDVI-MAX I:Sentinel_NDVI-MAX_SR_CloudFree_crop20230608-20230703_run20230704,1688454156826,1688454194845,1688454184608,EXPORT_IMAGE,['https://drive.google.com/'],1,0.2814471423625946,3L6JUKVLZF5CUPSRVKXG6WID,projects/earthengine-legacy/operations/3L6JUKVLZF5CUPSRVKXG6WID
COMPLETED,P:NDVI-MAX I:Sentinel_NDVI-MAX_SR_CloudFree_crop20230608-20230703_run20230704,1688454154897,1688454173430,1688454165032,EXPORT_IMAGE,['https://drive.google.com/'],1,0.32943204045295715,SFKA2KHIDAVIC3YSTID2ERQE,projects/earthengine-legacy/operations/SFKA2KHIDAVIC3YSTID2ERQE
COMPLETED,P:NDVI-MAX I:Sentinel_NDVI-MAX_SR_CloudFree_crop20230608-20230703_run20230704,1688454153908,1688454172239,1688454164805,EXPORT_IMAGE,['https://drive.google.com/'],1,0.36419859528541565,5GD7CFSWKAID6PYLY4S5SY7E,projects/earthengine-legacy/operations/5GD7CFSWKAID6PYLY4S5SY7E
COMPLETED,P:NDVI-MAX I:Sentinel_NDVI-MAX_SR_CloudFree_crop20230608-20230703_run20230704,1688454515566,1688454551290,1688454543184,EXPORT_IMAGE,['https://drive.google.com/'],1,0.5903041958808899,2EJDN722SAJ5C7HZKQBKED6P,projects/earthengine-legacy/operations/2EJDN722SAJ5C7HZKQBKED6P
COMPLETED,P:NDVI-MAX I:Sentinel_NDVI-MAX_SR_CloudFree_crop20230608-20230703_run20230704,1688454514133,1688454531991,1688454523068,EXPORT_IMAGE,['https://drive.google.com/'],1,0.3428385555744171,VOJUBPGXD6FL2TMNAASQALLA,projects/earthengine-legacy/operations/VOJUBPGXD6FL2TMNAASQALLA
COMPLETED,P:NDVI-MAX I:Sentinel_NDVI-MAX_SR_CloudFree_crop20230608-20230703_run20230704,1688454514847,1688454531240,1688454523059,EXPORT_IMAGE,['https://drive.google.com/'],1,0.40209776163101196,CEHWFCPEXEUVJFSTNRHVDOIK,projects/earthengine-legacy/operations/CEHWFCPEXEUVJFSTNRHVDOIK
COMPLETED,P:NDVI-MAX I:Sentinel_NDVI-MAX_SR_CloudFree_crop20230608-20230703_run20230704,1688454513352,1688454529715,1688454522842,EXPORT_IMAGE,['https://drive.google.com/'],1,0.3873927891254425,5QMXF4H7YQYX2RKBU5P6UAEH,projects/earthengine-legacy/operations/5QMXF4H7YQYX2RKBU5P6UAEH
COMPLETED,P:NDVI-MAX I:Sentinel_NDVI-MAX_SR_CloudFree_crop20230608-20230703_run20230705,1688570602510,1688570650389,1688570637926,EXPORT_IMAGE,['https://drive.google.com/'],1,0.4723931849002838,7CKJAFMWWTDUT53H5Y7WXNDP,projects/earthengine-legacy/operations/7CKJAFMWWTDUT53H5Y7WXNDP
COMPLETED,P:NDVI-MAX I:Sentinel_NDVI-MAX_SR_CloudFree_crop20230608-20230703_run20230705,1688570603161,1688570647682,1688570638117,EXPORT_IMAGE,['https://drive.google.com/'],1,0.6853394508361816,PUJRRSHZNZURBUJUUGH5J34R,projects/earthengine-legacy/operations/PUJRRSHZNZURBUJUUGH5J34R
COMPLETED,P:NDVI-MAX I:Sentinel_NDVI-MAX_SR_CloudFree_crop20230608-20230703_run20230705,1688570601395,1688570629019,1688570618086,EXPORT_IMAGE,['https://drive.google.com/'],1,1.1833739280700684,VWF5JOGK5UAIZEPV3PSACWMR,projects/earthengine-legacy/operations/VWF5JOGK5UAIZEPV3PSACWMR
COMPLETED,P:NDVI-MAX I:Sentinel_NDVI-MAX_SR_CloudFree_crop20230608-20230703_run20230705,1688570602001,1688570625223,1688570618251,EXPORT_IMAGE,['https://drive.google.com/'],1,0.38040444254875183,NGNEANC6LXKX356VIQBYV63V,projects/earthengine-legacy/operations/NGNEANC6LXKX356VIQBYV63V
COMPLETED,P:NDVI-MAX I:Sentinel_NDVI-MAX_SR_CloudFree_crop20230608-20230703_run20230705,1688571598267,1688571639671,1688571632678,EXPORT_IMAGE,['https://drive.google.com/'],1,0.4683457911014557,BYEPPRQQHPCDJYDJ7CPLC7QE,projects/earthengine-legacy/operations/BYEPPRQQHPCDJYDJ7CPLC7QE
COMPLETED,P:NDVI-MAX I:Sentinel_NDVI-MAX_SR_CloudFree_crop20230608-20230703_run20230705,1688571596255,1688571635572,1688571610562,EXPORT_IMAGE,['https://drive.google.com/'],1,0.42535892128944397,ZXPVNZL46CW2TBUQ3RNWAPCJ,projects/earthengine-legacy/operations/ZXPVNZL46CW2TBUQ3RNWAPCJ
COMPLETED,P:NDVI-MAX I:Sentinel_NDVI-MAX_SR_CloudFree_crop20230608-20230703_run20230705,1688571597623,1688571625257,1688571610759,EXPORT_IMAGE,['https://drive.google.com/'],1,0.381490021944046,SEZ2XT3PIVOIJEL5EOTY6FIP,projects/earthengine-legacy/operations/SEZ2XT3PIVOIJEL5EOTY6FIP
COMPLETED,P:NDVI-MAX I:Sentinel_NDVI-MAX_SR_CloudFree_crop20230608-20230703_run20230705,1688571596880,1688571620707,1688571610755,EXPORT_IMAGE,['https://drive.google.com/'],1,0.2901524007320404,2QMFTAAYLJIGVSN3PHBFV55U,projects/earthengine-legacy/operations/2QMFTAAYLJIGVSN3PHBFV55U
COMPLETED,P:NDVI-MAX I:Sentinel_NDVI-MAX_SR_CloudFree_crop20230613-20230708_run20230709,1688870496257,1688870515000,1688870504168,EXPORT_IMAGE,['https://drive.google.com/'],1,0.8873098492622375,45CRNNC4L76HNQ7SHVGBPKCJ,projects/earthengine-legacy/operations/45CRNNC4L76HNQ7SHVGBPKCJ
COMPLETED,P:NDVI-MAX I:Sentinel_NDVI-MAX_SR_CloudFree_crop20230613-20230708_run20230709,1688870495523,1688870512060,1688870504174,EXPORT_IMAGE,['https://drive.google.com/'],1,0.3640398383140564,QJB5FSOGPH4ZO7BF7XICXBBI,projects/earthengine-legacy/operations/QJB5FSOGPH4ZO7BF7XICXBBI
COMPLETED,P:NDVI-MAX I:Sentinel_NDVI-MAX_SR_CloudFree_crop20230613-20230708_run20230709,1688870494704,1688870511646,1688870504174,EXPORT_IMAGE,['https://drive.google.com/'],1,0.45953604578971863,V7QWDZD5YZLJSG3V2EKF7KUJ,projects/earthengine-legacy/operations/V7QWDZD5YZLJSG3V2EKF7KUJ
COMPLETED,P:NDVI-MAX I:Sentinel_NDVI-MAX_SR_CloudFree_crop20230613-20230708_run20230709,1688870493906,1688870511178,1688870504130,EXPORT_IMAGE,['https://drive.google.com/'],1,0.40948987007141113,4PB7YR3MMAM32QKM6WD6CMMO,projects/earthengine-legacy/operations/4PB7YR3MMAM32QKM6WD6CMMO
COMPLETED,P:NDVI-MAX I:Sentinel_NDVI-MAX_SR_CloudFree_crop20230618-20230713_run20230714,1689301974599,1689302008549,1689302000741,EXPORT_IMAGE,['https://drive.google.com/'],1,0.376687228679657,GL3C2XJX742INZKF5LQUEM7I,projects/earthengine-legacy/operations/GL3C2XJX742INZKF5LQUEM7I
COMPLETED,P:NDVI-MAX I:Sentinel_NDVI-MAX_SR_CloudFree_crop20230618-20230713_run20230714,1689301973754,1689302008040,1689302000700,EXPORT_IMAGE,['https://drive.google.com/'],1,0.33353957533836365,DYMDWWLN6J5LLLDIDNKYBAWI,projects/earthengine-legacy/operations/DYMDWWLN6J5LLLDIDNKYBAWI
COMPLETED,P:NDVI-MAX I:Sentinel_NDVI-MAX_SR_CloudFree_crop20230618-20230713_run20230714,1689301972739,1689301988407,1689301979360,EXPORT_IMAGE,['https://drive.google.com/'],1,0.4839986264705658,DXYGUQ6MQR25YSFE3YGELWVY,projects/earthengine-legacy/operations/DXYGUQ6MQR25YSFE3YGELWVY
COMPLETED,P:NDVI-MAX I:Sentinel_NDVI-MAX_SR_CloudFree_crop20230618-20230713_run20230714,1689301971802,1689301987945,1689301979324,EXPORT_IMAGE,['https://drive.google.com/'],1,0.3297403156757355,LA24RPDZMUVVLOSLXROWRS3T,projects/earthengine-legacy/operations/LA24RPDZMUVVLOSLXROWRS3T
COMPLETED,P:NDVI-MAX I:Sentinel_NDVI-MAX_SR_CloudFree_crop20230623-20230718_run20230719,1689736836344,1689736895614,1689736841806,EXPORT_IMAGE,['https://drive.google.com/'],1,1.5857188701629639,CAH4NYLBD2EGENZMMXX7K5WT,projects/earthengine-legacy/operations/CAH4NYLBD2EGENZMMXX7K5WT
COMPLETED,P:NDVI-MAX I:Sentinel_NDVI-MAX_SR_CloudFree_crop20230623-20230718_run20230719,1689736840776,1689736877553,1689736870268,EXPORT_IMAGE,['https://drive.google.com/'],1,0.3668287992477417,S6TCGI7YMLTKOBVDLEOH4VUB,projects/earthengine-legacy/operations/S6TCGI7YMLTKOBVDLEOH4VUB
COMPLETED,P:NDVI-MAX I:Sentinel_NDVI-MAX_SR_CloudFree_crop20230623-20230718_run20230719,1689736839346,1689736860037,1689736849955,EXPORT_IMAGE,['https://drive.google.com/'],1,0.5415298938751221,EXYZT25XOUXQO74VURS2QBLN,projects/earthengine-legacy/operations/EXYZT25XOUXQO74VURS2QBLN
COMPLETED,P:NDVI-MAX I:Sentinel_NDVI-MAX_SR_CloudFree_crop20230623-20230718_run20230719,1689736840054,1689736857177,1689736849952,EXPORT_IMAGE,['https://drive.google.com/'],1,0.3346549868583679,Y3UCHMIO643OGHBWV5MV3NPK,projects/earthengine-legacy/operations/Y3UCHMIO643OGHBWV5MV3NPK
COMPLETED,P:NDVI-MAX I:Sentinel_NDVI-MAX_SR_CloudFree_crop20230628-20230723_run20230724,1690164399364,1690164417790,1690164410903,EXPORT_IMAGE,['https://drive.google.com/'],1,0.376089483499527,RQZRNIFK2MJHRDMJHODWG7YB,projects/earthengine-legacy/operations/RQZRNIFK2MJHRDMJHODWG7YB
COMPLETED,P:NDVI-MAX I:Sentinel_NDVI-MAX_SR_CloudFree_crop20230628-20230723_run20230724,1690164398387,1690164412962,1690164400908,EXPORT_IMAGE,['https://drive.google.com/'],1,0.48455291986465454,FTD426UZYJQZ644DISMPG4CW,projects/earthengine-legacy/operations/FTD426UZYJQZ644DISMPG4CW
COMPLETED,P:NDVI-MAX I:Sentinel_NDVI-MAX_SR_CloudFree_crop20230628-20230723_run20230724,1690164398818,1690164411270,1690164400908,EXPORT_IMAGE,['https://drive.google.com/'],1,0.39003172516822815,PYQBTR5M5MWP2XOYBSQ3JFAB,projects/earthengine-legacy/operations/PYQBTR5M5MWP2XOYBSQ3JFAB
COMPLETED,P:NDVI-MAX I:Sentinel_NDVI-MAX_SR_CloudFree_crop20230628-20230723_run20230724,1690164397856,1690164409038,1690164400880,EXPORT_IMAGE,['https://drive.google.com/'],1,0.3528382480144501,OUTXWYS5ESYJCWZZ7NH35ASQ,projects/earthengine-legacy/operations/OUTXWYS5ESYJCWZZ7NH35ASQ
COMPLETED,P:NDVI-MAX I:Sentinel_NDVI-MAX_SR_CloudFree_crop20230703-20230728_run20230729,1690595845309,1690595859758,1690595850698,EXPORT_IMAGE,['https://drive.google.com/'],1,0.4674399495124817,S4CTB434LMEEL2KO37TTWFNN,projects/earthengine-legacy/operations/S4CTB434LMEEL2KO37TTWFNN
COMPLETED,P:NDVI-MAX I:Sentinel_NDVI-MAX_SR_CloudFree_crop20230703-20230728_run20230729,1690595844068,1690595859090,1690595850702,EXPORT_IMAGE,['https://drive.google.com/'],1,0.42116278409957886,5O6TG7DPQELZ4T7UETLK7J6S,projects/earthengine-legacy/operations/5O6TG7DPQELZ4T7UETLK7J6S
COMPLETED,P:NDVI-MAX I:Sentinel_NDVI-MAX_SR_CloudFree_crop20230703-20230728_run20230729,1690595844542,1690595858506,1690595850696,EXPORT_IMAGE,['https://drive.google.com/'],1,0.49795031547546387,GZZVCABGVL5YIDA4MPGJQ2JT,projects/earthengine-legacy/operations/GZZVCABGVL5YIDA4MPGJQ2JT
COMPLETED,P:NDVI-MAX I:Sentinel_NDVI-MAX_SR_CloudFree_crop20230703-20230728_run20230729,1690595843312,1690595858068,1690595850678,EXPORT_IMAGE,['https://drive.google.com/'],1,0.5804270505905151,2RDMG6LJQ3F47GPT6ZN7W4PV,projects/earthengine-legacy/operations/2RDMG6LJQ3F47GPT6ZN7W4PV
COMPLETED,P:NDVI-MAX I:Sentinel_NDVI-MAX_SR_CloudFree_crop20230708-20230802_run20230803,1691027931309,1691027953283,1691027940006,EXPORT_IMAGE,['https://drive.google.com/'],1,0.421283483505249,I6GUZBCQGD5K7TWA7ZNGKRTG,projects/earthengine-legacy/operations/I6GUZBCQGD5K7TWA7ZNGKRTG
COMPLETED,P:NDVI-MAX I:Sentinel_NDVI-MAX_SR_CloudFree_crop20230708-20230802_run20230803,1691027932647,1691027952875,1691027940071,EXPORT_IMAGE,['https://drive.google.com/'],1,0.3188329339027405,L2B3E36XF77FWF2BLEMBSTOQ,projects/earthengine-legacy/operations/L2B3E36XF77FWF2BLEMBSTOQ
COMPLETED,P:NDVI-MAX I:Sentinel_NDVI-MAX_SR_CloudFree_crop20230708-20230802_run20230803,1691027931971,1691027948043,1691027940075,EXPORT_IMAGE,['https://drive.google.com/'],1,0.8348752856254578,DFCTGPQAAWW5N6G3L6KXRKEL,projects/earthengine-legacy/operations/DFCTGPQAAWW5N6G3L6KXRKEL
COMPLETED,P:NDVI-MAX I:Sentinel_NDVI-MAX_SR_CloudFree_crop20230708-20230802_run20230803,1691027933399,1691027947579,1691027940072,EXPORT_IMAGE,['https://drive.google.com/'],1,0.41486436128616333,DPTNOEEDJCCRRBSFF5XDM2EH,projects/earthengine-legacy/operations/DPTNOEEDJCCRRBSFF5XDM2EH
COMPLETED,P:NDVI-MAX I:Sentinel_NDVI-MAX_SR_CloudFree_crop20230713-20230807_run20230808,1691459995492,1691460016761,1691460008228,EXPORT_IMAGE,['https://drive.google.com/'],1,0.4018010199069977,LLRNBZTSZQCRS5GDLCAI2VHK,projects/earthengine-legacy/operations/LLRNBZTSZQCRS5GDLCAI2VHK
COMPLETED,P:NDVI-MAX I:Sentinel_NDVI-MAX_SR_CloudFree_crop20230713-20230807_run20230808,1691459993351,1691460010884,1691459998273,EXPORT_IMAGE,['https://drive.google.com/'],1,0.50611412525177,UNTTWMJJ6R34AVZDNE7PMHIV,projects/earthengine-legacy/operations/UNTTWMJJ6R34AVZDNE7PMHIV
COMPLETED,P:NDVI-MAX I:Sentinel_NDVI-MAX_SR_CloudFree_crop20230713-20230807_run20230808,1691459994064,1691460006999,1691459998366,EXPORT_IMAGE,['https://drive.google.com/'],1,0.3685252070426941,UUPTC5QAKL7FRXEE5XHZBYTU,projects/earthengine-legacy/operations/UUPTC5QAKL7FRXEE5XHZBYTU
COMPLETED,P:NDVI-MAX I:Sentinel_NDVI-MAX_SR_CloudFree_crop20230713-20230807_run20230808,1691459994788,1691460005476,1691459998364,EXPORT_IMAGE,['https://drive.google.com/'],1,0.35154837369918823,7UEIVWCF3RBGBDJ7OAKMSUUF,projects/earthengine-legacy/operations/7UEIVWCF3RBGBDJ7OAKMSUUF
COMPLETED,P:NDVI-MAX I:Sentinel_NDVI-MAX_SR_CloudFree_crop20230713-20230807_run20230808,1691499403621,1691499424501,1691499410259,EXPORT_IMAGE,['https://drive.google.com/'],1,3.954803943634033,EJOAXYOUAXLGNIULWSESUYP2,projects/earthengine-legacy/operations/EJOAXYOUAXLGNIULWSESUYP2
COMPLETED,P:NDVI-MAX I:Sentinel_NDVI-MAX_SR_CloudFree_crop20230713-20230807_run20230808,1691499404850,1691499419669,1691499410328,EXPORT_IMAGE,['https://drive.google.com/'],1,0.3903123140335083,IBCROZGKC3XGXQQTL2ZVGSF2,projects/earthengine-legacy/operations/IBCROZGKC3XGXQQTL2ZVGSF2
COMPLETED,P:NDVI-MAX I:Sentinel_NDVI-MAX_SR_CloudFree_crop20230713-20230807_run20230808,1691499405442,1691499419274,1691499410326,EXPORT_IMAGE,['https://drive.google.com/'],1,0.41821104288101196,HURJJFX23ZGTPDE25BS3S33U,projects/earthengine-legacy/operations/HURJJFX23ZGTPDE25BS3S33U
COMPLETED,P:NDVI-MAX I:Sentinel_NDVI-MAX_SR_CloudFree_crop20230713-20230807_run20230808,1691499404196,1691499418844,1691499410325,EXPORT_IMAGE,['https://drive.google.com/'],1,0.5029687285423279,5PEJXJYYEPJ5NQYOVFKCUMUN,projects/earthengine-legacy/operations/5PEJXJYYEPJ5NQYOVFKCUMUN
COMPLETED,P:NDVI-MAX I:Sentinel_NDVI-MAX_SR_CloudFree_crop20230713-20230807_run20230808,1691500567818,1691500593153,1691500580313,EXPORT_IMAGE,['https://drive.google.com/'],1,0.29740333557128906,ZG5YAV5DCQFJH42JHQYWOEOB,projects/earthengine-legacy/operations/ZG5YAV5DCQFJH42JHQYWOEOB
COMPLETED,P:NDVI-MAX I:Sentinel_NDVI-MAX_SR_CloudFree_crop20230713-20230807_run20230808,1691500565748,1691500580200,1691500570138,EXPORT_IMAGE,['https://drive.google.com/'],1,0.7638639807701111,4M3QLK2FJCNVFIXUFEVF3EQ5,projects/earthengine-legacy/operations/4M3QLK2FJCNVFIXUFEVF3EQ5
COMPLETED,P:NDVI-MAX I:Sentinel_NDVI-MAX_SR_CloudFree_crop20230713-20230807_run20230808,1691500566337,1691500578388,1691500570210,EXPORT_IMAGE,['https://drive.google.com/'],1,0.47640448808670044,QMO3IHFG6XHRGUW43LHXCZC5,projects/earthengine-legacy/operations/QMO3IHFG6XHRGUW43LHXCZC5
COMPLETED,P:NDVI-MAX I:Sentinel_NDVI-MAX_SR_CloudFree_crop20230713-20230807_run20230808,1691500567075,1691500577103,1691500570210,EXPORT_IMAGE,['https://drive.google.com/'],1,0.3145396411418915,IXMZRFIHXTJ2JZSKTGC453IL,projects/earthengine-legacy/operations/IXMZRFIHXTJ2JZSKTGC453IL
COMPLETED,P:NDVI-MAX I:Sentinel_NDVI-MAX_SR_CloudFree_crop20230713-20230807_run20230808,1691504711115,1691504731115,1691504719696,EXPORT_IMAGE,['https://drive.google.com/'],1,0.5189178586006165,RWZRVW66SA5KZT46XWKNG7K2,projects/earthengine-legacy/operations/RWZRVW66SA5KZT46XWKNG7K2
COMPLETED,P:NDVI-MAX I:Sentinel_NDVI-MAX_SR_CloudFree_crop20230713-20230807_run20230808,1691504710415,1691504728566,1691504719696,EXPORT_IMAGE,['https://drive.google.com/'],1,0.4102744460105896,EFNGTREBA3D3HI6QYJHZWZ4T,projects/earthengine-legacy/operations/EFNGTREBA3D3HI6QYJHZWZ4T
COMPLETED,P:NDVI-MAX I:Sentinel_NDVI-MAX_SR_CloudFree_crop20230713-20230807_run20230808,1691504709355,1691504727873,1691504719629,EXPORT_IMAGE,['https://drive.google.com/'],1,0.7233927249908447,HKIXXFJUQ4J2FXBADUI6JWSN,projects/earthengine-legacy/operations/HKIXXFJUQ4J2FXBADUI6JWSN
COMPLETED,P:NDVI-MAX I:Sentinel_NDVI-MAX_SR_CloudFree_crop20230713-20230807_run20230808,1691504709905,1691504726774,1691504719714,EXPORT_IMAGE,['https://drive.google.com/'],1,0.33243680000305176,3WXK2FSJI75WJEORHMKFPOTG,projects/earthengine-legacy/operations/3WXK2FSJI75WJEORHMKFPOTG
COMPLETED,P:NDVI-MAX I:Sentinel_NDVI-MAX_SR_CloudFree_crop20230713-20230807_run20230808,1691506523192,1691506551115,1691506530054,EXPORT_IMAGE,['https://drive.google.com/'],1,0.5510963201522827,P63FBGIPRTLNYWBCNKMKX3NB,projects/earthengine-legacy/operations/P63FBGIPRTLNYWBCNKMKX3NB
COMPLETED,P:NDVI-MAX I:Sentinel_NDVI-MAX_SR_CloudFree_crop20230713-20230807_run20230808,1691506521764,1691506538728,1691506530058,EXPORT_IMAGE,['https://drive.google.com/'],1,0.46864214539527893,ITZHSPMER66KJNDFW2PQOQDD,projects/earthengine-legacy/operations/ITZHSPMER66KJNDFW2PQOQDD
COMPLETED,P:NDVI-MAX I:Sentinel_NDVI-MAX_SR_CloudFree_crop20230713-20230807_run20230808,1691506520944,1691506537726,1691506529979,EXPORT_IMAGE,['https://drive.google.com/'],1,0.45071637630462646,EVMKVM7TGUFVZ7VSAEQWKF27,projects/earthengine-legacy/operations/EVMKVM7TGUFVZ7VSAEQWKF27
COMPLETED,P:NDVI-MAX I:Sentinel_NDVI-MAX_SR_CloudFree_crop20230713-20230807_run20230808,1691506522585,1691506537357,1691506530055,EXPORT_IMAGE,['https://drive.google.com/'],1,0.3936557173728943,NEXWOPAQ4J27TZCCF3ZDKGFN,projects/earthengine-legacy/operations/NEXWOPAQ4J27TZCCF3ZDKGFN
COMPLETED,P:NDVI-MAX I:Sentinel_NDVI-MAX_SR_CloudFree_crop20230713-20230807_run20230808,1691509714444,1691509842849,1691509719671,EXPORT_IMAGE,['https://drive.google.com/'],1,0.827035665512085,ALLWSYTYMGP4PRHPAQTIN2ME,projects/earthengine-legacy/operations/ALLWSYTYMGP4PRHPAQTIN2ME
COMPLETED,P:NDVI-MAX I:Sentinel_NDVI-MAX_SR_CloudFree_crop20230713-20230807_run20230808,1691509716520,1691509727916,1691509719737,EXPORT_IMAGE,['https://drive.google.com/'],1,0.9064996838569641,WJAMWAMDSKWPCFEWFHYVGWNX,projects/earthengine-legacy/operations/WJAMWAMDSKWPCFEWFHYVGWNX
COMPLETED,P:NDVI-MAX I:Sentinel_NDVI-MAX_SR_CloudFree_crop20230713-20230807_run20230808,1691509715870,1691509727517,1691509719741,EXPORT_IMAGE,['https://drive.google.com/'],1,0.3729284107685089,RX6A6CSVOOVFHMROG2RDHD3G,projects/earthengine-legacy/operations/RX6A6CSVOOVFHMROG2RDHD3G
COMPLETED,P:NDVI-MAX I:Sentinel_NDVI-MAX_SR_CloudFree_crop20230713-20230807_run20230808,1691509715029,1691509727039,1691509719744,EXPORT_IMAGE,['https://drive.google.com/'],1,0.6539308428764343,KQEAZIOAUCWPUHCPCSBY6COC,projects/earthengine-legacy/operations/KQEAZIOAUCWPUHCPCSBY6COC
COMPLETED,P:NDVI-MAX I:Sentinel_NDVI-MAX_SR_CloudFree_crop20230713-20230807_run20230809,1691584979214,1691584998338,1691584985540,EXPORT_IMAGE,['https://drive.google.com/'],1,0.21305981278419495,EZPMZ7TZJMDSWTD22O5EPTRV,projects/earthengine-legacy/operations/EZPMZ7TZJMDSWTD22O5EPTRV
COMPLETED,P:NDVI-MAX I:Sentinel_NDVI-MAX_SR_CloudFree_crop20230713-20230807_run20230809,1691584978587,1691584996858,1691584985477,EXPORT_IMAGE,['https://drive.google.com/'],1,0.46665388345718384,YCPGG4QJLD4XXTFHSAOPFIZT,projects/earthengine-legacy/operations/YCPGG4QJLD4XXTFHSAOPFIZT
COMPLETED,P:NDVI-MAX I:Sentinel_NDVI-MAX_SR_CloudFree_crop20230713-20230807_run20230809,1691584979806,1691584994960,1691584985541,EXPORT_IMAGE,['https://drive.google.com/'],1,0.24475182592868805,FHKR6UA4F4YIYYERAL4VINO6,projects/earthengine-legacy/operations/FHKR6UA4F4YIYYERAL4VINO6
COMPLETED,P:NDVI-MAX I:Sentinel_NDVI-MAX_SR_CloudFree_crop20230713-20230807_run20230809,1691584980494,1691584993003,1691584985536,EXPORT_IMAGE,['https://drive.google.com/'],1,0.27749311923980713,37EJB74PDG33Y4Y6ZEK7DOS2,projects/earthengine-legacy/operations/37EJB74PDG33Y4Y6ZEK7DOS2
COMPLETED,P:NDVI-MAX I:Sentinel_NDVI-MAX_SR_CloudFree_crop20230713-20230807_run20230810,1691665820186,1691665845777,1691665830776,EXPORT_IMAGE,['https://drive.google.com/'],1,0.48255226016044617,GOWOO2V7OWLALFZKKA4SZP4W,projects/earthengine-legacy/operations/GOWOO2V7OWLALFZKKA4SZP4W
COMPLETED,P:NDVI-MAX I:Sentinel_NDVI-MAX_SR_CloudFree_crop20230713-20230807_run20230810,1691665822247,1691665841453,1691665830851,EXPORT_IMAGE,['https://drive.google.com/'],1,1.4228081703186035,I53G3GRXEIVSW3WPGSZDXHY3,projects/earthengine-legacy/operations/I53G3GRXEIVSW3WPGSZDXHY3
COMPLETED,P:NDVI-MAX I:Sentinel_NDVI-MAX_SR_CloudFree_crop20230713-20230807_run20230810,1691665821329,1691665840865,1691665830854,EXPORT_IMAGE,['https://drive.google.com/'],1,0.4817829728126526,XG6E3JHFGQH6IWNEK6JIP47D,projects/earthengine-legacy/operations/XG6E3JHFGQH6IWNEK6JIP47D
COMPLETED,P:NDVI-MAX I:Sentinel_NDVI-MAX_SR_CloudFree_crop20230713-20230807_run20230810,1691665820753,1691665839449,1691665830857,EXPORT_IMAGE,['https://drive.google.com/'],1,0.5270122289657593,WK5YNIZF5WYLAI7SOD7IFNCR,projects/earthengine-legacy/operations/WK5YNIZF5WYLAI7SOD7IFNCR
COMPLETED,P:NDVI-MAX I:Sentinel_NDVI-MAX_SR_CloudFree_crop20230713-20230807_run20230810,1691666665680,1691666679809,1691666670684,EXPORT_IMAGE,['https://drive.google.com/'],1,3.687166452407837,Y2KTM6V3SESHNYGWMTVFF4A3,projects/earthengine-legacy/operations/Y2KTM6V3SESHNYGWMTVFF4A3
COMPLETED,P:NDVI-MAX I:Sentinel_NDVI-MAX_SR_CloudFree_crop20230713-20230807_run20230810,1691666663838,1691666679291,1691666670615,EXPORT_IMAGE,['https://drive.google.com/'],1,0.42074909806251526,363BRDDYTNLS2FLNEO26YAXB,projects/earthengine-legacy/operations/363BRDDYTNLS2FLNEO26YAXB
COMPLETED,P:NDVI-MAX I:Sentinel_NDVI-MAX_SR_CloudFree_crop20230713-20230807_run20230810,1691666664420,1691666678993,1691666670690,EXPORT_IMAGE,['https://drive.google.com/'],1,0.4230442941188812,4WRFQD44VZA7XCNLCZDHGW6O,projects/earthengine-legacy/operations/4WRFQD44VZA7XCNLCZDHGW6O
COMPLETED,P:NDVI-MAX I:Sentinel_NDVI-MAX_SR_CloudFree_crop20230713-20230807_run20230810,1691666665036,1691666677787,1691666670680,EXPORT_IMAGE,['https://drive.google.com/'],1,0.3867154121398926,27QVXQL36U327NS3PQCRYJHR,projects/earthengine-legacy/operations/27QVXQL36U327NS3PQCRYJHR
COMPLETED,P:NDVI-MAX I:Sentinel_NDVI-MAX_SR_CloudFree_crop20230713-20230807_run20230810,1691668441280,1691668460246,1691668451259,EXPORT_IMAGE,['https://drive.google.com/'],1,0.3909497857093811,W3RNC3UGWJU6AESKMGGQRNM4,projects/earthengine-legacy/operations/W3RNC3UGWJU6AESKMGGQRNM4
COMPLETED,P:NDVI-MAX I:Sentinel_NDVI-MAX_SR_CloudFree_crop20230713-20230807_run20230810,1691668441922,1691668459636,1691668451258,EXPORT_IMAGE,['https://drive.google.com/'],1,0.43976953625679016,IXFT7ONKBMFZRXSUE6APFRVC,projects/earthengine-legacy/operations/IXFT7ONKBMFZRXSUE6APFRVC
COMPLETED,P:NDVI-MAX I:Sentinel_NDVI-MAX_SR_CloudFree_crop20230713-20230807_run20230810,1691668440663,1691668459084,1691668451256,EXPORT_IMAGE,['https://drive.google.com/'],1,0.3604379892349243,XEK7AUVGOR3AUO6LYADRXKGY,projects/earthengine-legacy/operations/XEK7AUVGOR3AUO6LYADRXKGY
COMPLETED,P:NDVI-MAX I:Sentinel_NDVI-MAX_SR_CloudFree_crop20230713-20230807_run20230810,1691668440069,1691668458661,1691668451195,EXPORT_IMAGE,['https://drive.google.com/'],1,0.4669923186302185,TE5AD35EVGPNBPQ73CQGBSZ4,projects/earthengine-legacy/operations/TE5AD35EVGPNBPQ73CQGBSZ4
COMPLETED,P:NDVI-MAX I:Sentinel_NDVI-MAX_SR_CloudFree_crop20230711-20230807_run20230810,1691671000666,1691671612862,1691671010945,EXPORT_IMAGE,['https://drive.google.com/'],1,3792.2119140625,RAG2XWG4OW5FEFQHQTRNKLSC,projects/earthengine-legacy/operations/RAG2XWG4OW5FEFQHQTRNKLSC
COMPLETED,P:NDVI-MAX I:Sentinel_NDVI-MAX_SR_CloudFree_crop20230711-20230807_run20230810,1691670998500,1691671567377,1691671000968,EXPORT_IMAGE,['https://drive.google.com/'],1,5187.04833984375,OYBVPYPT4ZZ4BT5XOWFYAWB4,projects/earthengine-legacy/operations/OYBVPYPT4ZZ4BT5XOWFYAWB4
COMPLETED,P:NDVI-MAX I:Sentinel_NDVI-MAX_SR_CloudFree_crop20230711-20230807_run20230810,1691670999974,1691671566620,1691671010951,EXPORT_IMAGE,['https://drive.google.com/'],1,6087.48486328125,FUHVE75P2GVHJLQBJSHAZFTU,projects/earthengine-legacy/operations/FUHVE75P2GVHJLQBJSHAZFTU
COMPLETED,P:NDVI-MAX I:Sentinel_NDVI-MAX_SR_CloudFree_crop20230711-20230807_run20230810,1691670999142,1691671529398,1691671010954,EXPORT_IMAGE,['https://drive.google.com/'],1,4254.091796875,HOJ5DKMJ4HK7IUPSOO4VIIDY,projects/earthengine-legacy/operations/HOJ5DKMJ4HK7IUPSOO4VIIDY
COMPLETED,P:NDVI-MAX I:Sentinel_NDVI-MAX_SR_CloudFree_crop20230713-20230807_run20230811,1691757883071,1691757916808,1691757893492,EXPORT_IMAGE,['https://drive.google.com/'],1,0.5019474625587463,XNL6UDJCGVRWP45N3NRGJSNH,projects/earthengine-legacy/operations/XNL6UDJCGVRWP45N3NRGJSNH
COMPLETED,P:NDVI-MAX I:Sentinel_NDVI-MAX_SR_CloudFree_crop20230713-20230807_run20230811,1691757882331,1691757905179,1691757893497,EXPORT_IMAGE,['https://drive.google.com/'],1,0.4973102807998657,P6UB224HSUDA7BXLOKQYC3SF,projects/earthengine-legacy/operations/P6UB224HSUDA7BXLOKQYC3SF
COMPLETED,P:NDVI-MAX I:Sentinel_NDVI-MAX_SR_CloudFree_crop20230713-20230807_run20230811,1691757881703,1691757901944,1691757893502,EXPORT_IMAGE,['https://drive.google.com/'],1,0.4192441999912262,OTUNSXRMJRIMQEFHJ6C6KEIE,projects/earthengine-legacy/operations/OTUNSXRMJRIMQEFHJ6C6KEIE
COMPLETED,P:NDVI-MAX I:Sentinel_NDVI-MAX_SR_CloudFree_crop20230713-20230807_run20230811,1691757880899,1691757890964,1691757883272,EXPORT_IMAGE,['https://drive.google.com/'],1,0.4244630038738251,G2DRZA2CMWLVWBDFC43VK3AF,projects/earthengine-legacy/operations/G2DRZA2CMWLVWBDFC43VK3AF
COMPLETED,P:NDVI-MAX I:Sentinel_NDVI-MAX_SR_CloudFree_crop20230713-20230807_run20230811,1691760987919,1691761002736,1691760993456,EXPORT_IMAGE,['https://drive.google.com/'],1,0.6892657279968262,LY2FVGIRRJF36ECT5JF2FJK2,projects/earthengine-legacy/operations/LY2FVGIRRJF36ECT5JF2FJK2
COMPLETED,P:NDVI-MAX I:Sentinel_NDVI-MAX_SR_CloudFree_crop20230713-20230807_run20230811,1691760986680,1691761001633,1691760993468,EXPORT_IMAGE,['https://drive.google.com/'],1,0.4308622181415558,KJ3UUBR6FBS7NAD72HQO56XY,projects/earthengine-legacy/operations/KJ3UUBR6FBS7NAD72HQO56XY
COMPLETED,P:NDVI-MAX I:Sentinel_NDVI-MAX_SR_CloudFree_crop20230713-20230807_run20230811,1691760986067,1691761000731,1691760993394,EXPORT_IMAGE,['https://drive.google.com/'],1,0.3400467038154602,3YCOVVJXGTX6OX7ZKX44UHGT,projects/earthengine-legacy/operations/3YCOVVJXGTX6OX7ZKX44UHGT
COMPLETED,P:NDVI-MAX I:Sentinel_NDVI-MAX_SR_CloudFree_crop20230713-20230807_run20230811,1691760987283,1691761000285,1691760993465,EXPORT_IMAGE,['https://drive.google.com/'],1,0.47631239891052246,ZSOYXPGS7BGXDAP3TWKJZZNX,projects/earthengine-legacy/operations/ZSOYXPGS7BGXDAP3TWKJZZNX
COMPLETED,P:NDVI-MAX I:Sentinel_NDVI-MAX_SR_CloudFree_crop20230713-20230807_run20230811,1691763106316,1691763123631,1691763113377,EXPORT_IMAGE,['https://drive.google.com/'],1,0.48717641830444336,LAP4HQG2ICUM7HHOFJR4BGTM,projects/earthengine-legacy/operations/LAP4HQG2ICUM7HHOFJR4BGTM
COMPLETED,P:NDVI-MAX I:Sentinel_NDVI-MAX_SR_CloudFree_crop20230713-20230807_run20230811,1691763105334,1691763122946,1691763113377,EXPORT_IMAGE,['https://drive.google.com/'],1,1.187080979347229,H37XEINDAXYN2WBPECORAFZZ,projects/earthengine-legacy/operations/H37XEINDAXYN2WBPECORAFZZ
COMPLETED,P:NDVI-MAX I:Sentinel_NDVI-MAX_SR_CloudFree_crop20230713-20230807_run20230811,1691763107274,1691763121995,1691763113383,EXPORT_IMAGE,['https://drive.google.com/'],1,0.3748059868812561,6TVTTKJXYIE2R55BVLTXPU6A,projects/earthengine-legacy/operations/6TVTTKJXYIE2R55BVLTXPU6A
COMPLETED,P:NDVI-MAX I:Sentinel_NDVI-MAX_SR_CloudFree_crop20230713-20230807_run20230811,1691763104311,1691763121550,1691763113311,EXPORT_IMAGE,['https://drive.google.com/'],1,0.39116594195365906,7RRVCUKKLRBF2V2MSPRTVW3R,projects/earthengine-legacy/operations/7RRVCUKKLRBF2V2MSPRTVW3R
COMPLETED,P:NDVI-MAX I:Sentinel_NDVI-MAX_SR_CloudFree_crop20230718-20230807_run20230814,1691996028168,1691996044578,1691996035516,EXPORT_IMAGE,['https://drive.google.com/'],1,0.9796453714370728,VLNOXO4IMMY4PR6GRPQJQPRP,projects/earthengine-legacy/operations/VLNOXO4IMMY4PR6GRPQJQPRP
COMPLETED,P:NDVI-MAX I:Sentinel_NDVI-MAX_SR_CloudFree_crop20230718-20230807_run20230814,1691996026820,1691996043990,1691996035492,EXPORT_IMAGE,['https://drive.google.com/'],1,0.7514307498931885,Y5ZHKTMSX5VTMB7YOEKRKRLP,projects/earthengine-legacy/operations/Y5ZHKTMSX5VTMB7YOEKRKRLP
COMPLETED,P:NDVI-MAX I:Sentinel_NDVI-MAX_SR_CloudFree_crop20230718-20230807_run20230814,1691996028844,1691996043163,1691996035515,EXPORT_IMAGE,['https://drive.google.com/'],1,1.012981653213501,X3EHW3BXP3UGTBMOFBMWB3BD,projects/earthengine-legacy/operations/X3EHW3BXP3UGTBMOFBMWB3BD
COMPLETED,P:NDVI-MAX I:Sentinel_NDVI-MAX_SR_CloudFree_crop20230718-20230807_run20230814,1691996027596,1691996042624,1691996035517,EXPORT_IMAGE,['https://drive.google.com/'],1,0.3726564347743988,WINLV5YZMWQPGICX254S43HZ,projects/earthengine-legacy/operations/WINLV5YZMWQPGICX254S43HZ
COMPLETED,P:NDVI-MAX I:Sentinel_NDVI-MAX_SR_CloudFree_crop20230718-20230807_run20230814,1691996988359,1691997024642,1691996996592,EXPORT_IMAGE,['https://drive.google.com/'],1,1.7887377738952637,X6JMMPRPQ3JTODOHEHCTSU7O,projects/earthengine-legacy/operations/X6JMMPRPQ3JTODOHEHCTSU7O
COMPLETED,P:NDVI-MAX I:Sentinel_NDVI-MAX_SR_CloudFree_crop20230718-20230807_run20230814,1691996987712,1691997006234,1691996996595,EXPORT_IMAGE,['https://drive.google.com/'],1,1.5342638492584229,NTQQJWFXQEXZIR2P3BWYTWIE,projects/earthengine-legacy/operations/NTQQJWFXQEXZIR2P3BWYTWIE
COMPLETED,P:NDVI-MAX I:Sentinel_NDVI-MAX_SR_CloudFree_crop20230718-20230807_run20230814,1691996987096,1691997005734,1691996996559,EXPORT_IMAGE,['https://drive.google.com/'],1,0.3350035846233368,IRPXWKTA43ADAZ3FXMQIL47J,projects/earthengine-legacy/operations/IRPXWKTA43ADAZ3FXMQIL47J
COMPLETED,P:NDVI-MAX I:Sentinel_NDVI-MAX_SR_CloudFree_crop20230718-20230807_run20230814,1691996988918,1691997003710,1691996996592,EXPORT_IMAGE,['https://drive.google.com/'],1,0.7236238121986389,RUIERJZH4OKUSDIMLW6PTV4Y,projects/earthengine-legacy/operations/RUIERJZH4OKUSDIMLW6PTV4Y
COMPLETED,P:NDVI-MAX I:Sentinel_NDVI-MAX_SR_CloudFree_crop20230718-20230807_run20230814,1691997453115,1691997527058,1691997455342,EXPORT_IMAGE,['https://drive.google.com/'],1,3.0680325031280518,4N623ZSZBYAXIEAKJ4CNV6KD,projects/earthengine-legacy/operations/4N623ZSZBYAXIEAKJ4CNV6KD
COMPLETED,P:NDVI-MAX I:Sentinel_NDVI-MAX_SR_CloudFree_crop20230718-20230807_run20230814,1691997454464,1691997479661,1691997466460,EXPORT_IMAGE,['https://drive.google.com/'],1,0.7793943285942078,W5EQG5YL6MU24SR2G7TU7AHF,projects/earthengine-legacy/operations/W5EQG5YL6MU24SR2G7TU7AHF
COMPLETED,P:NDVI-MAX I:Sentinel_NDVI-MAX_SR_CloudFree_crop20230718-20230807_run20230814,1691997453864,1691997475415,1691997466463,EXPORT_IMAGE,['https://drive.google.com/'],1,0.9305940270423889,GWX2Q37VAHBK7XNIHOK255YR,projects/earthengine-legacy/operations/GWX2Q37VAHBK7XNIHOK255YR
COMPLETED,P:NDVI-MAX I:Sentinel_NDVI-MAX_SR_CloudFree_crop20230718-20230807_run20230814,1691997452578,1691997472767,1691997455314,EXPORT_IMAGE,['https://drive.google.com/'],1,0.4370478689670563,DWMXLZLCXPAQY3GFYLBMKEOE,projects/earthengine-legacy/operations/DWMXLZLCXPAQY3GFYLBMKEOE
